IB-Nr.,Titel,Autor,Preis,Exemplare
1,Die Weise von Liebe und Tod des Cornets Christoph Rilke,"Rilke, Rainer Maria",8,8
3,Amo,,30,2
4,Alte deutsche Liebeslieder,,15,
7,Wunderbare Reisen zu Wasser und zu Lande des Freiherrn von Münchhausen,"Bürger, Gottfried August",,
8,Der Tod des Tizian Idylle. Zwei Dichtungen,"Hofmannsthal, Hugo",9,2
13,An den Toren des Lebens. Eine Novelle,"Hardt, Ernst",8,
16,Fünf sehr anmutige Geschichten. Des vielgelästerten Giovanni de Boccaccio aus Certaldo. Mit sieben altitalienischen Holzschnitten und einem Aufsatz von Friedrich Schlegel,"Boccaccio, Giovanni",10,
17,Tage der Gefahr. Ein Tagebuch der Leipziger Schlacht,"Rochlitz, Friedrich",8,
18,PLATTDÜTSCHE PREDIGTEN,"Sackmann, Jobst",8,
20,In Dingsda,"Schlaf, Johannes",60,
21,Hymnen an die Nacht. Die Christenheit oder Europa,NOVALIS,8,
22,Liebesgedichte,"Huch, Ricarda",5,
23,Der Opfergang. Novelle,"Binding, Rudolf G.",8,2
24,Der Mantel. Novelle,,10,2
25,Bilderpossen. In siebzig Bildern,"Busch, Wilhelm",50,3
27,Antigone. Eine Tragödie,SOPHOKLES,15,3
28,Der Tor und der Tod,"Hofmannsthal, Hugo",10,5
30,Requiem. Für eine Freundin. Für Wolf Graf von Kalkreuth. Auf den Tod eines Knaben,"Rilke, Rainer Maria",20,3
31,Beobachtungen über das Gefühl des Schönen und Erhabenen,"Kant, Immanuel",8,
32,MEROITISCHE KLEINKUNST IB,,8,
32,MUTTER UND KIND. Ein Gedicht in sieben Gesängen,,6,
33,Aphorismen,"Lichtenberg, Georg Christoph",10,2
35,Die goldene Hochzeit,,,
36,Leinwandmesser. Eine Erzählung,,10,
38,Über Schiller und den Gang seiner Geistesentwicklung,"Humboldt, Wilhelm",7,
39,Stine. Ein Roman,"Fontane, Theodor",6,
41,Aus des Angelus Silesius Cherubinischem Wandersmann nebst geistlichen Liedern,ANGELUS SILESIUS,10,3
42,Tartarin von Tarascon,"Daudet, Alphonse",7,3
43,Das Marien-Leben,"Rilke, Rainer Maria",12,4
44,Goethe über seinen Faust,,8,
45,Pole Poppenspäler. Erzählung,"Storm, Theodor",10,
49,Urworte der Philosophie. Griechisch und deutsch,HERAKLIT,15,2
49,Frühling,"Schlaf, Johannes",8,2
50,Gedichte,"Hölderlin, Friedrich",15,3
51,Leben des vergnügten Schulmeisterlein Maria Wuz,"Paul, Jean",7,
52,Der Tod des Iwan Iljitsch. Erzählung,"Tolstoj, Lew N.",20,2
53,Wirkungen Goethes in der Gegenwart,"Carossa, Hans",10,
54,Das kleine Buch der Edelsteine,,70,
55,Über Schriftstellerei und Stil,"Schopenhauer, Arthur",10,
56,Ein kurzweilig Lesen vom Till Ulenspiegel,,8,
59,Gedichte,"Hebbel, Friedrich",8,2
60,KINDERLIEDER. Aus des Knaben Wunderhorn,,15,
61,Goethes Faust. In ursprünglicher Gestalt – Der Urfaust,"Goethe, Johann Wolfgang",12,3
62,Auferstehung. Novelle,"Mann, Heinrich",12,
63,Ausgewählte Gedichte,,8,
66,Der Struwwelpeter oder lustige Geschichten und drollige Bilder,"Hoffmann, Heinrich",20,
67,Dialog vom Marsyas,"Bahr, Hermann",7,
68,Volkserzählungen,"Tolstoj, Lew N.",8,2
69,Nachkommenschaften. Erzählung,"Stifter, Adalbert",8,2
71,Historie eines edeln Fürsten,,,
71,Katechismus für den deutschen Kriegs- und Wehrmann. Die Deutsche Wehrmannschaft,,50,
74,Portugiesische Briefe. Der Marianna Alcoforado,,15,2
75,Gedichte,,20,
77,Die Germania,,12,
78,Das kleine Welttheater oder Die Glücklichen,"Hofmannsthal, Hugo",6,2
79,Der Turkmenenkrieg,,6,
82,Der arme Spielmann. Erzählung,"Grillparzer, Franz",12,
83,Briefe Kaiser Wilhelms I. An Bismarck,,12,
87,Persische Spruchgedichte,,8,
88,Dantons Tod. Ein Drama von Georg Büchner. Nach der Handschrift des Dichters revidierte Ausgabe,"Büchner, Georg",5,
89,Die Silvesterglocken. Mit elf Federzeichnungen nach der Erstausgabe von 1841,"Dickens, Charles",10,
91,Leonce und Lena. Lenz,"Büchner, Georg",7,3
92,Woyzeck. Eine Tragödie. Nach den neu entzifferten Handschriften für Leser und Bühne hergestellt von Ernst Hardt,"Büchner, Georg",15,3
94,Die Walküre,"Wagner, Richard",7,
95,Bildnisse. 24 farbige Handzeichnungen,"Holbein, Hans",10,2
95,Im Schloß. Novelle,"Storm, Theodor",10,
96,Götterdämmerung,"Wagner, Richard",10,
97,Rienzi. Der Letzte der Tribunen,"Wagner, Richard",15,
99,Tannhäuser und der Sängerkrieg auf der Wartburg,"Wagner, Richard",10,
99,Der Lockenraub. Ein komisches Heldengedicht,"Pope, Alexander",15,2
100,Das kleine Buch der Vögel und Nester,,20,4
103,Parsifal. Ein Bühnenweihfestspiel,"Wagner, Richard",10,
105,Gedichte,"Vogelweide, Walther",10,2
106,Jesus von Nazareth. Ein dichterischer Entwurf,"Wagner, Richard",12,
107,Fünf Gedichte von Mathilde Wesendonk. In Musik gesetzt von Richard Wagner. Mit einem Nachwort von Joachim Kaiser,,20,
108,Handzeichnungen,,15,2
110,Von der Eitelkeit. Zwei Essays,"Kassner, Rudolf",15,3
111,Beethoven,"Wagner, Richard",,
111,Das Reich des Kindes. Die Vöglein von Theres. Zwei Legenden,"Le Fort, Gertrud",10,
112,Zeit und Ewigkeit. Ausgewählte Gedichte,"Morgenstern, Christian",8,
112,Zeit und Ewigkeit. Ausgewählte Gedichte,"Morgenstern, Christian",10,
114,Geschichten aus Herodot,,8,
115,Die Sonette an Orpheus,"Rilke, Rainer Maria",10,3
116,Die Sanfte,,6,2
121,Das Buch Judith,,25,
122,Brennendes Geheimnis,"Zweig, Stefan",40,
123,Hymnen für die Erde,"Whitman, Walt",10,4
124,HÄUSLICHES LEBEN,,20,3
125,Das Puppenspiel vom Doktor Faust,,10,
126,"Größe, Glück und Unglück in der Weltgeschichte","Burckhardt, Jacob",10,
126,Betrachtungen. Oder moralische Sentenzen und Maximen des Herzogs von Roche La Foucauld,,12,2
129,Phantastische Erzählungen,"Poe, Edgar Allan",30,2
129,Phantastische Erzählungen,"Poe, Edgar Allan",20,4
130,Ausgewählte Schriften,"Winckelmann, Johann Joachim",15,
131,Meine Gefängnisse,"Verlaine, Paul",10,
131,Blumen am Gipfel der Berge,,8,
132,Das Rollwagenbüchlein,"Wickram, Jörg",25,2
133,Das Ständebuch,,12,4
133,Das Ständebuch,"Amman, Jost",15,2
134,Alkestis. Ein Trauerspiel nach Euripides,"Hofmannsthal, Hugo",10,2
135,Gedichte in Prosa,"Baudelaire, Charles",5,
137,Datterich. Lokalposse in sechs Bildern in der Mundart der Darmstädter,,20,
138,Über Lesen und Bücher,"Schopenhauer, Arthur",50,4
141,Die Prärie am Jacinto,"Sealsfield, Charles",7,
143,Die Rückkehr des verlorenen Sohnes,"Gide, André",13,3
149,Der Großinquisitor,,15,2
149,Der Großinquisitor,,13,2
150,Tagebuch der Reise in die Niederlande,"Dürer, Albrecht",10,2
151,Hippokrates. Auswahl aus der Hippokratischen Schriftensammlung,,120,
152,Der Schimmelreiter. Novelle,"Storm, Theodor",8,2
158,Das kleine Buch der Meereswunder. Muscheln und Schnecken. Kolorierte Stiche auf 24 Tafeln,,8,
159,Anekdoten von Friedrich dem Grossen,,20,
160,Geschichte Gottfriedens von Berlichingen mit der eisernen Faust. Dramatisiert,"Goethe, Johann Wolfgang",15,2
163,Der Mexikaner Felipe Rivera. Der Schrei des Pferdes. Zwei Erzählungen,"London, Jack",6,
164,CHINESISCHE HOLZSCHNITTE,,20,2
165,Sternstunden der Menschheit. Fünf historische Miniaturen,"Zweig, Stefan",15,5
166,Reden Bismarcks. Nach seinem Ausscheiden aus dem Amte,,10,
167,Das Apostelspiel,"Mell, Max",10,6
168,"Schubert im Freundeskreis. Ein Lebensbild aus Briefen, Erinnerungen, Tagebuchblättern, Gedichten",,10,
169,Grundgedanken über Krieg und Kriegführung,,8,2
171,Der alte deutsche Kriegsgesang. In Worten und Weisen,,10,
172,Der Koran,,10,
174,Franz Hofdemel. Eine Mozart-Novelle,"Goetz, Wolfgang",10,
175,Geschichte vom braven Kasperl und dem schönen Annerl,"Brentano, Clemens",20,2
178,Sizilianische Geschichten,"Verga, Giovanni",8,
179,Fragmente,"Schlegel, Friedrich",9,
180,Hanneles Himmelfahrt. Traumdichtung in zwei Akten,"Hauptmann, Gerhart",12,3
181,Musik der Welt aus meinem Werk,"Mombert, Alfred",6,
185,Fabeln,LAFONTAINE,18,2
186,Der Wandsbecker Bote. Eine Auswahl aus den Werken von Matthias Claudius,"Claudius, Matthias",15,2
187,Das Büchlein vom Leben nach dem Tode,"Fechner, Gustav Theodor",9,2
188,Das Sternenkind,"Däubler, Theodor",10,
194,Peter Schlemihls wundersame Geschichte,"Chamisso, Adelbert",15,2
198,Der Ackermann und der Tod. Ein Streit- und Trostgespräch vom Tode aus dem Jahre 1400,"Saaz, Johann",15,
198,Der Ackermann und der Tod,"Saaz, Johann",10,
201,LI TAI PE,,8,4
202,Entwurf einer neuen Ästhetik der Tonkunst,"Busoni, Ferruccio",20,3
203,GILGAMESCH. Eine Erzählung aus dem alten Orient,,10,2
204,Du und Angela. Fünf Erzählungen,"Waggerl, Karl Heinrich",8,4
205,Die Elfenbeinflöte. Seltsame Geschichten aus dem Beginenhof,"Tiry, A.",9,
205,Gustave Flaubert,"Zola, Emile",40,
207,Visionen,SCHWESTER Hadewich,10,
207,Adalbert Stifters Briefe,,8,
208,Lanzelot und Sanderein,,7,
210,Das Gericht des Meeres. Erzählung,"Le Fort, Gertrud",10,2
213,Das kleine Schmetterlingsbuch. Die Tagfalter,,10,
216,Das Perlenhemd. Eine chinesische Liebesgeschichte,,7,
219,EINE WUNDERBARLICH UND KURZWEILIGE HISTORIE. Wie Schiltberger…,,5,
220,Die Ballade vom Zuchthaus zu Reading,,10,
221,Bilder des Todes,,10,
223,Der Dreispitz. Eine spanische Novelle,,,
224,Aus dem Leben eines Taugenichts. Novelle,"Eichendorff, Joseph",14,
224,Aus dem Leben eines Taugenichts. Novelle,"Eichendorff, Joseph",8,
224,Novelle,"Eichendorff, Joseph",9,
226,Das kleine Buch der Nachtfalter,,20,
227,"Luther im Kreise der Seinen. Briefe, Gedichte, Fabeln, Sprichwörter und Tischreden",,8,
228,Zum ewigen Frieden. Ein philosophischer Entwurf,"Kant, Immanuel",50,
230,Mozart auf der Reise nach Prag. Eine Novelle,"Mörike, Eduard",10,3
231,Das Buch der göttlichen Tröstung und vom Edlen Menschen,Eckhart,10,
234,Quartier für die Nacht. Will von der Mühle. Zwei Erzählungen,"Stevenson, Robert Louis",9,
236,WER WILL UNTER DIE SOLDATEN. Deutsche Soldatenlieder mit farbigen Bildern von Fritz Kredel,,20,2
239,AUS MINNESANGS FRÜHLING,,10,
241,Beethovens Briefe. Und persönliche Aufzeichnungen,,15,
242,Gedichte,"Storm, Theodor",8,2
247,Salome. Tragödie in einem Akt. Mit sämtlichen Illustrationen von Aubrey Beardsley,,15,
247,Salome. Tragödie in einem Akt,,15,
247,Salome. Tragödie in einem Akt,"Wilde, Oscar",20,2
249,Aquis submersus. Novelle,"Storm, Theodor",10,
250,Die kleine Passion,,15,
252,Sonette,"Barrett-Browning, Elisabeth",15,
253,Führung und Kraft aus der Ewigkeit. DAU-DÖ-GING,,10,
253,Die Bahn und der rechte Weg des Lao Tse,,9,
254,Weisse Nächte. Ein empfindsamer Roman aus den Erinnerungen eines Träumers,,8,
255,Der kleine Goldfischteich. In vielen Farben. Kolorierte Stiche,,15,2
258,Eine langweilige Geschichte. Aus den Aufzeichnungen eines alten Mannes,"Tschechow, Anton P.",7,
259,Gedichte in Prosa,,9,
260,"Aus dem Irrgarten der Liebe. Verliebte, launenhafte, moralische und andere Lieder","Bierbaum, Otto Julius",9,
261,Barbara Naderer. Novelle,"Mell, Max",10,2
261,Tubutsch,"Ehrenstein, Albert",15,
263,Malerei und Zeichnung,"Klinger, Max",10,2
264,Sonette,"Camões, Luiz",15,
265,Grünewalds Handzeichnungen,,10,3
269,"Das kleine Kräuterbuch. Einheimische Heil-, Gewürz- und Duftpflanzen nach der Natur gezeichnet von Willi Harwerth",,20,2
270,Römische Kaisermünzen,,25,
270,Römische Kaisermünzen,,50,
270,Taras Bulba. Roman,,8,2
272,Fabeln des Äsop,,15,
277,DIE ABENTEUER VON DEN SIEBEN SCHWABEN,"Aurbacher, Ludwig",20,
278,Brigitta. Eine Erzählung,"Stifter, Adalbert",20,3
280,Meister Eckhart. Ein Breviarium aus seinen Schriften,,50,
281,Das kleine Blumenbuch,,30,3
282,Der Kreis der Jahreszeiten (Rtusamhara),KALIDASA,8,
285,Das Mädchen vom Moorhof. Erzählung,"Lagerlöf, Selma",10,2
285,Das Mädchen vom Moorhof,"Lagerlöf, Selma",12,
290,Das Purpursegel. Eine Feerie,"Grin, Alexander",12,2
290,Schwanenweiß. Ein Märchenspiel,"Strindberg, August",12,
290,Alte Flämische Lieder,,40,3
293,Die Gespenstersonate,,7,
294,Handzeichnungen,"Klee, Paul",40,
297,Feuer auf See. Geschichten aus der Südsee und den Wäldern des Nordens,"London, Jack",25,
298,Das Leben des Themistokles,PLUTARCH,22,
300,Huttens letzte Tage,"Meyer, Conrad Ferdinand",10,
302,Das Flaschenteufelchen. Eine Erzählung,"Stevenson, Robert Louis",15,2
305,Gedichte,"Platen, August",,
308,"Die sehr schönen Stunden von Jungfer Symforosa, dem Beginchen","Timmermans, Felix",10,2
312,Bekenntnisse des Hochstaplers Felix Krull. Buch der Kindheit,"Mann, Thomas",10,
314,Pique Dame,"Puschkin, Alexander",50,
315,Von dem Fischer und syner Fru. Ein Märchen nach Philipp Otto Runge mit sieben Bildern von Marcus Behmer,,15,
316,Das kleine Baumbuch,,20,2
318,Palmström,"Morgenstern, Christian",8,3
330,Das Sebaldusgrab,"Vischer, Georg Matthäus",30,2
333,Das Leben Kaiser Heinrich des Vierten,,10,
333,Spanisches Liederbuch,"Heyse, Paul",7,
333,Spanisches Liederbuch,"Geibel, Emanuel",7,
334,Die Schicksale Doktor Bürgers. Die Flucht,"Carossa, Hans",8,
336,Reden und Aufsätze,"Hofmannsthal, Hugo",7,
340,Der erste Beernhäuter,,25,
340,Der erste Bärenhäuter,,20,
341,Der lebende Leichnam. Drama in sechs Akten,"Tolstoj, Lew N.",8,
345,Nan oder Über das Seelenleben der Pflanzen,"Fechner, Gustav Theodor",15,
347,Der Sachsenspiegel. Bilder aus der Heidelberger Handschrift. 32 mehrfarbige Tafeln. Einleitung und Bilderläuterungen,,20,2
349,Politisches Gespräch,"Ranke, Leopold",8,2
349,Die Augen des ewigen Bruders. Eine Legende,"Zweig, Stefan",10,2
350,Geistliche Auslegung des Lebens Jesu Christi. Eine Holzschnittfolge des 15. Jahrhunderts,,15,
351,Das kleine Buch der Tropenwunder,,10,3
352,Briefe,"Pfalz, Liselotte",15,2
355,Briefe eines Unbekannten. Eine Auswahl aus den Briefen Alexander von Villers,,8,
359,Detektivgeschichten,,10,
360,ES WAR EINMAL,"Richter, Ludwig",10,
361,Gedichte,"Nietzsche, Friedrich",50,
361,Gedichte,"Nietzsche, Friedrich",8,2
362,Das Triptychon. Von den Heiligen Drei Königen,"Timmermans, Felix",10,3
366,Labyrinthus medicorum (vom Irrgang der Ärzte),THEOPHRASTUS PARACELSUS,9,2
369,Der Revisor. Eine Komödie,,10,
369,Am Herde,BOBORYKIN,30,
371,An die ferne Geliebte. Ein Liederkreis,"Beethoven, Ludwig",150,
372,BEDUINISCHER DIVAN. Lieder aus dem Libyschen Sandmeer,,30,
377,Schwester Scholastica. Novelle,STENDHAL,8,2
378,Die Zechkumpane. Erzählung,"Stevenson, Robert Louis",20,
382,Drei satirische Fabeln,"Katajew, Valentin",12,
384,Der Fuchs. Novelle,"Lawrence, D. H.",15,
386,Das Bildnis,,5,
389,Ein Gastmahl,PLATO,10,
393,RUSSISCHE VOLKSMÄRCHEN,,15,
394,Gedichte. Eine Auswahl der besten Übertragungen,"Verlaine, Paul",50,
400,Der ausgewählten Gedichte erster Teil,"Rilke, Rainer Maria",10,5
403,Pjotr. Roman eines Zaren,KLABUND,8,2
405,Frau Celeste. Eine Erzählung,"Huch, Ricarda",12,
406,Briefe an einen jungen Dichter,"Rilke, Rainer Maria",8,2
408,Kleine Chronik. Vier Erzählungen,"Zweig, Stefan",10,
409,Briefe an eine junge Frau,"Rilke, Rainer Maria",8,
410,Der kleine Wunderbaum. Zwölf Legenden,"Schmidtbonn, Wilhelm",15,
414,Das fremde Fräulein. Zehn Anekdoten,"Schäfer, Wilhelm",8,
417,Ein Bruderzwist in Habsburg. Trauerspiel,"Grillparzer, Franz",30,
417,Das Lächeln der Gioconda. Jung-Archimedes. Zwei Novellen,,10,
418,Ein altes deutsches Weihnachtsspiel,,8,2
419,"Die Frau, die davonritt. Erzählung","Lawrence, D. H.",10,
420,Sankt Nikolaus in Not und andere Erzählungen,"Timmermans, Felix",10,3
422,Bildwerke. Vom Künstler ausgewählt. 28 Tafeln,,12,2
423,Hand-Orakel und Kunst der Weltklugheit,,10,
425,Tiergeschichten,"Löns, Hermann",8,
426,Das Wiesenbuch,"Waggerl, Karl Heinrich",10,5
427,Bergreisegeschichten. Der Gletscher / Die letzte Reise,"Ponten, Josef",10,
433,Geschichte ohne Worte. Ein Roman in Bildern,"Masereel, Franz",25,
433,Geschichte ohne Worte. Ein Roman in Bildern,"Masereel, Franz",13,2
436,Gesang des Abgeschiedenen,"Trakl, Georg",20,
436,Gesang des Abgeschiedenen. Gedichte,"Trakl, Georg",30,4
444,Handzeichnungen,MICHELANGELO,7,
447,Mittelalterliche Brakteaten,"Suhle, Arthur",10,
452,Das Hausbuch IB 452. Bilder aus dem deutschen Mittelalter von einem unbekannten Meister,,8,
452,Das Hausbuch IB 452. Bilder aus dem deutschen Mittelalter von einem unbekannten Meister,,10,2
452,Das Hausbuch IB 452. Bilder aus dem deutschen Mittelalter von einem unbekannten Meister,,15,2
454,Vom Baum des Lebens. Ausgewählte Gedichte,"Hesse, Hermann",10,5
456,Mein Gemüsegarten. Eine nützliche Unterweisung. Mit Anbautabellen,"Nebeltau, Otto",10,
461,Gedichte,"Hofmannsthal, Hugo",12,2
462,Schrift und Buchmalerei der Maya-Indianer,,8,
465,Die chinesische Flöte. Nachdichtungen chinesischer Lyrik,"Bethge, Hans",8,
469,Quellen des Lebens. Umrisse einer Weltanschauung,"Huch, Ricarda",7,
470,Mein Obstgarten. Zu jedermanns Nutzen beschrieben,"Nebeltau, Otto",15,
472,Das Büchlein der ewigen Weisheit,"Seuse, Heinrich",10,
473,Hadlaub. Eine Novelle,"Keller, Gottfried",8,
475,Sagen von Artemis,"Seghers, Anna",8,
477,DEUSCHES HANDWERK IM MITTELALTER. Bilder aus dem Hausbuch der Mendelschen Zwölfbrüderstiftung in Nürnberg,,20,
478,Schein und Sein. Gedichte,"Busch, Wilhelm",10,4
479,Das kalte Herz,"Hauff, Wilhelm",10,2
479,Das kalte Herz,"Hauff, Wilhelm",10,
480,Der ausgewählten Gedichte anderer Teil,"Rilke, Rainer Maria",10,2
483,Die Heiligen von Sichem,"Claes, Ernest",8,
485,Von der Freiheit des Wortes,"Bertram, Ernst",10,2
488,GRIECHISCHE LYRIK,,10,
491,Sonnenbrot,"Voigt-Diederichs, Helene",10,
492,Japanischer Frühling. Nachdichtungen japanischer Lyrik,"Bethge, Hans",8,
493,Die Leiden des jungen Werthers. In der Urfassung von 1774,"Goethe, Johann Wolfgang",15,
494,Das kleine Rätselbuch. Deutsche Volksrätsel,,10,
495,Der Bordesholmer Altar,,10,2
496,Dichtungen des Michelangelo,,15,
496,Dichtungen des Michelangelo,,10,
499,Dichtung und Weisheit,TSCHUANG-TSE,8,2
499,Dichtung und Weisheit,TSCHUANG-TSE,8,
500,Gedichte. Vom Dichter ausgewählt,"Carossa, Hans",10,
500,Gedichte. Vom Dichter ausgewählt,"Carossa, Hans",12,2
502,Klingsors letzter Sommer. Erzählung,"Hesse, Hermann",5,
503,Das kleine Pilzbuch. Einheimische Pilze nach der Natur gezeichnet von Willi Harwerth,,,
504,Balladen,"Hermlin, Stephan",15,
504,Ein Deutscher. Kleine Schriften,"Koch, Rudolf",,
505,DIE BILDWERKE DES NAUMBURGER DOMES,,8,
507,Hernach. 59 Illustrationen nach den Handzeichnungen,"Busch, Wilhelm",40,2
509,KUDRUN,,15,
510,Der Petersiliengarten. Ein Märchen,"Schaumann, Ruth",8,
511,Jugend. Erzählung,"Conrad, Joseph",12,2
512,DEUTSCHE GEDICHTE IB 512,,12,
515,DAS KLEINE BUCH DER GREIFE. Einheimische Raubvögel,,15,
516,Briefe Mozarts,,13,
518,Der Heilige Abend. <<Bergkristall>>,"Stifter, Adalbert",10,3
519,Kierkegaard-Brevier,,6,2
520,Fujiyama. Der ewige Berg Japans,,8,4
522,Kalendergeschichten,"Waggerl, Karl Heinrich",10,3
523,Vom Nutzen und Nachteil der Historie für das Leben,"Nietzsche, Friedrich",10,
525,Gedichte,,50,2
526,HUTTEN DER DEUTSCHE. Gedichte Aus der Türkenrede Arminius,,10,
528,Briefe,"Keller, Gottfried",12,
529,Latinische Gärten. Römische Lyrik in Übersetzungen. Eine Auslese römischer Gedichte,,13,
531,Weihnachten in Brabant. Erzählungen,"Coolen, Anton",10,
532,Fragmente aus dem Nachlaß eines jungen Physikers,"Ritter, Johann Wilhelm",10,
533,Die Opferflamme. Erzählung,"Lefort, Gertrud",10,
535,Edward Munch. Graphik. 42 Bildtafeln,,20,
537,Betrachtungen. Oder moralische Sentenzen und Maximen des Herzogs von La Rochefoucauld,,10,
539,Adalbert Stifter,"Mell, Max",12,2
540,Elisabeth Tarakanow. Erzählung,"Schneider, Reinhold",10,
544,Briefe der Frau Rat Goethe,,30,2
545,Tilman Riemenschneider im Taubertal,,10,3
548,Der Kentaur,"Guérin, Maurice",15,
549,Das deutsche Wild,"Brehm, Alfred",15,
550,Aus dem Gebetbuch Kaiser Maximilians,"Dürer, Albrecht",10,5
551,Böhme-Brevier,,30,2
551,Die Kickleburys am Rhein,"Thackeray, William Makepeace",8,
554,Das Leben des Michelangelo Buonaroti. Beschrieben von seinem Schüler Ascanio Condivi,"Condivi, Ascanio",10,
555,Handzeichnungen. 24 farbige Tafeln mit einem Geleitwort von Hans Wahl,,40,2
561,Amor und Psyche,APULEJUS,12,
562,Bluthochzeit. Lyrische Tragödie in drei Akten und sieben Bildern,"Lorca, Federico",12,2
563,Antoinette. Erzählung,"Rolland, Romain",6,
565,Der Elisabethschrein in Marburg,,15,
566,Zigeuner-Romanzen,"Lorca, Federico",8,
566,Zigeuner-Romanzen,"Lorca, Federico",15,
567,Tierstudien. 36 Handzeichnungen und eine Vignette,,20,2
568,Der Sturm,,8,
570,Francisco Goya. Pinselzeichnungen. 32 Bildtafeln,,15,2
573,Einsichten. Aus den Schriften gesammelt,"Buber, Martin",10,3
577,Die Kunst der Letter,"Kleukens, Christian Heinrich",30,
577,Frauen. 32 Radierungen,"Matisse, Henri",25,2
578,Platero und ich. Andalusische Elegie,"Jimenez, Juan Ramon",,2
581,Epigramme,"Lessing, Gotthold Ephraim",8,
582,Die Mänaden,EURIPIDES,12,
592,Gedichte,"Rimbaud, Arthur",15,4
593,Von den Elementen der menschlichen Größe,"Kassner, Rudolf",10,
594,Henry de Toulouse-Lautrec. Lithographien. 38 Bildtafeln,,50,2
598,Shen-Schen. Die Wurzel des Lebens,"Prischwin, Michail M.",8,
604,Hirtenleben,"Maillol, Aristide",10,
605,Das Salzburger große Welttheater,"Hofmannsthal, Hugo",12,3
605,Regen in der Morgendämmerung. Erzählungen,,7,
606,DEUTSCHE HOLZSCHNITTE DES XX. JAHRHUNDERTS,,50,
608,"Holzfäller, wach auf ! Hymnus auf den Frieden","Neruda, Pablo",8,
611,Japanische Farbenholzschnitte,,15,2
612,Griechische Gemmen,,15,
613,Die Kinder der Kaiserin,"Liotard, Jean-Etienne",15,
615,Die Consolata,"Le Fort, Gertrud",10,
616,Sibyllen und Propheten. 24 farbige Bilder nach den Fresken in der Sixtinischen Kapelle,MICHELANGELO,10,5
618,Klein Zaches genannt Zinnober. Ein Märchen,"Hoffmann, E. T. A.",10,
618,Jahrhundertmitte. Deutsche Gedichte der Gegenwart,,8,
619,Castel del Monte. Die Krone Apuliens,,12,2
620,Der Ketzer von Soana,"Hauptmann, Gerhart",7,
621,Die Steinklopfer. Erzählung,"Saar, Ferdinand",8,
624,Eine Hochzeit ohne Musikanten. Erzählungen,"Alejchem, Scholem",10,
624,Eine Hochzeit ohne Musikanten. Erzählungen,SCHOLEM-ALEJCHEM,12,
625,Boris Godunow,"Puschkin, Alexander",,
626,Carmina Burana,,15,2
628,Geschichten von Rot-Hanrahan,"Yeats, William Butler",10,
629,Rotes Meer und gelbe Schiffe. 16 Farbtafeln nach Aquarellen des Künstlers,"Feininger, Lionel",15,
630,FRÜHE ITALIENISCHE TAFELBILDER. 20 Meisterwerke des Lindenau-Museums in Altenburg,,16,
632,Aljoschkas Herz. Fremdes Blut. Zwei Erzählungen,"Scholochow, Michail",8,
636,Farbige Pinselzeichnungen,"Ch'I, Po-shih",17,
636,Farbige Pinselzeichnungen,"Ch'I, Po-shih",12,
637,Meerfahrt mit Don Quijote,"Mann, Thomas",15,
638,Eine Welt schreibt an Goethe,,7,
639,Stationen des Glaubens. Aus den Schriften gesammelt,"Buber, Martin",20,3
640,Italienische Skizzen,"Blechen, Carl",20,
641,Frühe Plastik aus Sardinien,,12,2
643,Das Parlament der Juli-Monarchie. 36 Bronzeplastiken,,15,
647,Im Tal der donnernden Hufe. Erzählung,"Böll, Heinrich",7,
652,Drei Frauen. Novellen,"Musil, Robert",8,
654,Das Mädchen mit den Goldaugen,,20,2
655,Sonaten und Partiten für Violine. Wiedergabe der Handschrift,"Bach, Johann Sebastian",30,
656,"ALI, DER MEISTERDIEB. Eine Geschichte alttürkischer Nomaden","Kamphoevener, Elsa Sophia",10,
660,Das wüste Land. Englisch und Deutsch. Mit den Anmerkungen des Verfassers,"Eliot, T. S.",25,
660,Zeichnungen,"Bernini, Gianlorenzo",8,
661,Hans Huckebein. Der Unglücksrabe. Handschrift mit kolorierten Federzeichnungen,"Busch, Wilhelm",30,
662,Die Verwandlung. Erzählung,"Kafka, Franz",15,
664,Federzeichnungen,"Graf, Urs",20,
665,Von den Aufgaben des Musikers,"Fischer, Edwin",8,
666,Meine Frau. Erzählung,"Tschechow, Anton P.",8,
670,Wagrainer Tagebuch,"Waggerl, Karl Heinrich",10,2
672,Kleine Geister. Eine Auswahl,"Kopisch, August",8,
673,Fürstliches Jagen,,7,
677,Der Riese. Erzählung,"Dery, Tibor",8,2
678,Mit dem Olivenzweig kehr bei und ein. Sonette. Slowakisch und Deutsch,HVIEZDOSLAV,10,
678,Maler der Brücke. Farbige Kartengrüße an Rosa Schapire von Erich Heckel Ernst Ludwig Kirchner Max Pechstein Karl Schmidt-Rottluff,,20,
679,Fabeln und Erzählungen,"Gellert, Christian Fürchtegott",15,2
681,Das Buch von Monelle,"Schwob, Marcel",8,
681,Don Cristobal,"Lorca, Federico",25,
683,Slawobulgarische Geschichte,"Chilandar, Paul",12,
683,Fünfzehn Gedichte von Stefan George. Für Gesang und Klavier,"Schönberg, Arnold",30,
686,November. Fragmente in x-beliebigem Stil,"Flaubert, Gustave",8,
688,Die Sprache,"Kraus, Karl",15,2
689,Das Igorlied. Eine Heldendichtung. Der altrussische Text mit der Übertragung von Rainer Maria Rilke und der neurussischen Prosafassung von D. S. Lichatschow,,20,
689,Das Igor-Lied. Eine Heldendichtung. Der altrussische Text mit der Übertragung von Rainer Maria Rilke und der neurussischen Prosafassung von D. S. Lichatschow,,20,
690,Drei Märchen. Das brave Lenchen. Die beiden Schwestern. Hänschen Däumeling. In erster Fassung. Mit kolorierten Federzeichnungen auf 33 Tafeln,,20,
691,Fabuleux,"Schaefer-Ast, Albert",15,
692,Gestalten und Szenen der Peking-Oper. 34 Pinselzeichnungen,"Kuan, Liang",20,2
693,Ausgewählte Gedichte,"Crane, Stephen",8,
695,Winckelmanns Tod. Die Originalberichte,,15,
696,"Das Mondschaf. Eine Auswahl aus den Galgenliedern, Deutsch und englisch","Morgenstern, Christian",8,2
698,Waltharius. Lateinisch und deutsch,EKKEHART I. VON SANKT GALLEN,12,
700,Der Sankt-Annen-Altar,"Huber, Wolf",10,
703,Gedichte,"Gryphius, Andreas",30,
704,Legenden aus Guatemala,"Asturias, Miguel Angel",15,
704,Das Geheimnis des Lord Singelworth. Novellen,,13,
707,Historische Miniaturen. Ausgewählte Erzählungen,"Strindberg, August",5,
707,Hasenbuch,,100,
711,Goethes Mutter. Eine Rede,"Goes, Albrecht",10,
713,Musikalische Poetik,"Strawinsky, Igor",20,
718,Von der Freundschaft,"Montaigne, Michel",10,
719,Huldigung. Droste Eichendorff Schiller,"Hagelstange, Rudolf",7,
720,Ochs und Esel bei der Krippe,"Supervielle, Jules",15,
721,Sommer auf Ischia. 16 Bildtafeln nach Ölgemälden des Künstlers,"Purrmann, Hans",15,
727,Die sechzehn Lohans. Chinesische Steinabreibungen. Eine berühmte Bildnisreihe der chinesisch-buddhistischen Kunst,"Guan, Hsiu",8,
731,Nach vierzig Jahren. Erzählung,"Tolstoj, Lew N.",13,
737,Italienische Gedichte des 20. Jahrhunderts,,15,
741,Las Casas vor Karl V.. Szenen aus der Konquistadorenzeit,"Schneider, Reinhold",5,
745,IKEBANA. Meisterwerke japanischer Blumenkunst auf 16 Farbtafeln,,10,
749,Umbra Vitae. Nachgelassene Gedichte,"Heym, Georg",20,
752,Schachfiguren aus zehn Jahrhunderten,,12,2
757,SAKUNTALA,KALIDASA,10,
760,Kinderzeichnungen aus aller Welt,,25,
765,Poesie des Alltags. Zwanzig farbige Tafeln,,30,
767,Der fromme Spruch. Erzählung,"Stifter, Adalbert",15,
768,Als der Krieg ausbrach. Als der Krieg zu Ende war. Zwei Erzählungen,"Böll, Heinrich",9,3
770,Im Tanzcafe. 29 Zeichnungen,"Kirchner, Ernst Ludwig",25,
771,Kultur und Literatur in Deutschland und Frankreich. Fünf Essays,"Minder, Robert A.",15,
771,Kultur und Literatur in Deutschland und Frankreich. Fünf Essays,"Minder, Robert A.",20,
773,Dshmila,"Aitmatow, Tschingis",10,
774,Der Bilderbrunnen. Drei Erzählungen,"Aime, Marcel",10,
775,DIE BAMBERGER APOKALYPSE,,12,
777,Deutsche Künstler des 20. Jahrhunderts in Selbstbildnissen,,15,
778,Fabeln vom Eros,"Gütersloh, Albert Paris",25,
780,Ringe aus vier Jahrtausenden. Im Schmuckmuseum Pforzheim,,10,
789,Der Minotaurus. 30 graphische Blätter und eine Schlusszeichnung. Mit Katalog der Minotaurus-Darstellungen,"Picasso, Pablo",20,2
790,MÄRCHEN UND FABELN IB 790,,25,2
796,Buch der Freunde,"Hofmannsthal, Hugo",12,
798,Aussprüche und Verse der Zen-Meister,,10,
803,Die späten Gedichte,"Hesse, Hermann",10,3
810,Buckower Elegien und andere Gedichte,"Brecht, Bertolt",15,
813,Edward Lear's Nonsense Verse,"Lear, Edward",25,
828,Je länger ein Blinder lebt. Desto mehr sieht er. Jiddische Sprichwörter,,25,3
843,Ozeanische Totenbeschwörung,,40,
849,Seestern und Tomahawk. Vierzehn Collagen unter Resopal. Zwei Holzschnitte,"Grieshaber, HAP",30,3
852,Liebesgedichte,"Brecht, Bertolt",15,2
853,Ludwig van Beethovens Klaviersonaten. Ein Begleiter für Studierende und Liebhaber,"Fischer, Edwin",30,
854,Mein entblößtes Herz. Tagebücher,"Baudelaire, Charles",20,
860,Koptische Stoffe,,15,
870,Das Leben Buddhas. Ein chinesisches Holzschnittfragment,,20,2
872,BILDNERISCHE ETÜDEN,,8,
875,IKONEN,,10,2
878,Der neu ausgefertigte Jungfer-Hobel,"Beer, Johann",10,2
880,Traum und Lüge Francos. 20 Bildtafeln. Mit einem Gedicht von Picasso,"Picasso, Pablo",10,
881,Das Tal von Lausa und Duron,"Tumler, Franz",10,
883,Baladn. In Wiener Mundart,,20,
889,Über die Frauen. Aphorismen aus dem Werk,"Shaw, Bernard",15,
890,Aus dem Wörterbuch des Teufels,"Bierce, Ambrose",10,
892,Über den König von Preußen. Memoiren,VOLTAIRE,12,2
893,Die Heirat nach der Mode (Sechs Blätter). Ausführliche Erklärung der Hogarthischen Kupferstiche,"Lichtenberg, Georg Christoph",15,
894,Illuminationen,"Rimbaud, Arthur",25,
895,Geschichten vom Herrn B.. 99 Brecht-Anekdoten,,12,
895,GESCHICHTEN VON HERRN B.. 99 Brecht-Anekdoten,,15,
898,Einundzwanzig Sonette,,25,
899,Der Weg zu Dir,,25,3
901,Der alte Seefahrer. Englisch-Deutsch,"Coleridge, Samuel Taylor",20,
907,Von der Freundlichkeit der Welt. Gedichte,"Brecht, Bertolt",10,
910,DIE BRONZETÜR IB 910. Der Sophienkathedrale in Novgorod,,10,
915,Deutsche Romantische Bildteppiche. Aus den Domschätzen zu Halberstadt und Quedlinburg,,15,
930,KINDERZEICHNUNGEN ZU BRECHT IB 930. 34 Tafeln und die Texte,,10,
937,Bohumil Hrabals Lesebuch,,60,
943,Berlin. Der Hof und die Stadt,"Laforgue, Jules",20,
945,Das grosse Nürnberg'sche ABC. Für Kinder in 25 kolorierten Kupfern,,50,
948,Von der Gestalt Natur/ Krafft und Würckung…. Auszug aus der Vollständigen Hauß- und Landbibliothek,"Glorez, Andreas",30,
949,Die Geheimnisse der Schöpfung. Ein Kapitel aus dem kabbalistischen Buche Sohar,"Scholem, Gerschom",60,2
950,Das Frauentrachtenbuch,"Amman, Jost",10,
953,Bühnenbilder und Figurinen zu Jewgeni Schwarz' <<Der Drache>>,"Sagert, Horst",10,2
960,Kupferstiche. 48 Bildtafeln,,10,2
961,Die Wirbelsäulenflöte 1915,"Majakowskij, Wladimir W.",30,
964,Entschuldigen`s. Gezeichnete Aphorismen,"Kobylinski, Szymon",10,
968,Dichter über Bücher,,150,
970,Lucas Cranach der Ältere. Zeichnungen. Einunddreißig farbige Tafeln,,15,
971,Charaktere,THEOPHRAST,8,
981,Heinrich Vogeler. Dir. Gedichte. Mit Vignetten des Autors und einem Nachwort von Heinrich W. Petzet,,,
986,Scherenschnitte,"Runge, Philipp Otto",12,
988,Viola Tricolor. Mit Bildern und Versen,"Pocci, Franz",40,
989,Die Schöne und das Tier. Ein Märchen,Leprince de Beaumont,10,2
990,MEISTERWERKE DER AMARNAKUNST,,10,
990,DIE AMMENUHR. Aus des Knaben Wunderhorn. In Holz geschnitten nach Zeichnungen von Ludwig Richter und anderen Künstlern. Reprint aus 1843. Mit einem Nachwort von Horst Kunze,,50,
991,Die Verschwörung des Fiesko zu Genua. Ein republikanisches Trauerspiel,"Schiller, Friedrich",8,
992,Jorinde und Joringel. Acht Märchen der Brüder Grimm,"GRIMM, Brüder",40,2
996,Der Kaiser und die Hexe,"Hofmannsthal, Hugo",20,2
996,Der Kaiser und die Hexe,"Hofmannsthal, Hugo",25,2
999,Stunden im Garten. Der lahme Knabe. Zwei Idyllen,"Hesse, Hermann",20,
999,Stunden im Garten. Der lahme Knabe. Zwei Idyllen,"Hesse, Hermann",20,2
1000,Das Tagebuch Goethes und Rilkes Sieben Gedichte,,20,3
1001,Die Dame mit dem Einhorn. Mit zwölf Abbildungen der Teppiche 'La Dame a la Licorne' und einem Nachwort von Egon Olessak,"Rilke, Rainer Maria",25,
1003,Hirtengedichte. Lateinisch und in deutscher Übersetzung,,10,
1004,Über die Kunst mit Vögeln zu jagen,,50,
1005,Blätter über den Bauernkrieg,"Kollwitz, Käthe",8,3
1006,Der Raabe,"Poe, Edgar Allan",25,
1007,Commedia dell'Arte,"Riha, Karl",25,2
1009,Liebesgedichte,HAFIS,15,
1010,Römische Elegien. Faksimile der Handschrift Transkription und Überlieferung,,8,
1012,"NESTROY-BREVIER. Worte, Lieder, Szenen",,15,3
1012,Variationen zu jüdischen Volksliedern,"Kaplan, Anatoli L.",12,
1013,Goethes schönste Gedichte,,10,2
1014,Beisetzung in Theresienburg. Erzählung,,8,2
1015,Das Goldene Kloster zu Mandalay,,8,
1018,Der Prophet Jona,,15,
1022,Das Silhouetten-Kabinett. Scherenschnitte und Schattenbilder aus zwei Jahrhunderten,,16,
1025,Der ferne Bach. Eine Rede,"Hildesheimer, Wolfgang",25,
1026,BILDHAUERZEICHNUNGEN IB-1026. Von 15 Künstlern der DDR. 48 Bildtafeln,,,
1027,DEUTSCHE WEIHNACHTSLIEDER,,10,
1029,Prinz Heinrich von Homburg. Ein Schauspiel,"Kleist, Heinrich",20,
1030,"Der Doktor Faust. Ein Tanzpoem, nebst kuriosen Berichten über Teufel, Hexen und Dichtkunst 1847","Heine, Heinrich",12,
1031,Das unbekannte Meisterwerk,,10,
1032,St Brandans wundersame Seefahrt,,10,2
1033,Das Leben des Menschen. Ein Spiel in fünf Bildern,"Andrejew, Leonid",8,
1035,In hora mortis,"Bernhard, Thomas",40,
1037,Eia Popeia Et Cetera. Eine Sammlung alter Wiegenlieder aus dem Volk,"Albus, Anita",20,
1039,TIBETISCHE LIEDER,,12,
1041,ES KOMMT EIN SCHIFF. Gedichte und Bilder zu Weihnachten,,12,
1057,Fritz Kocher's Aufsätze,,15,
1065,Nadja,"Breton, Andre",10,
1067,Wie der Mönch Erasmus geheilet ward,"Samjatin, Jewgenij",12,
1072,Dir. Gedichte,,15,
1073,Des Luftschiffers Gianozzo Seebuch. Almanach für Matrosen wie sie sein sollten,"Paul, Jean",15,
1075,VON DEM FISCHER UN SYNER FRU IB 1075. Ein Märchen nach Philipp Otto Runge mit sieben kolorierten Bildern von Marcus Behmer und einem Nachwort von Beate Jahn. Mit einer Nacherzählung und einem Nachwort von Uwe Johnson,,15,
1077,Zeichnungen. 32 Bildtafeln und ein Anhang mit Briefen,"Beardsley, Aubrey",15,
1078,Irdisches Zeichen,"Zwetajewa, Marina",15,2
1080,Altägyptische Götterfiguren,,10,
1084,LOB DES STEINQUELLS. Klassische koreanische Lyrik,,,
1085,Zeichnungen,"Olbricht, Alexander",10,
1086,Holzschnitte gegen den Krieg. 32 Bildtafeln,"Masereel, Franz",20,
1088,Kleine Kunststücke,"Benjamin, Walter",10,
1090,Drei graphische Folgen. 32 Bildtafeln und Texte des Künstlers,"Beckmann, Max",10,
1092,Heidelberger Totentanz von 1485,,20,2
1098,Die Berg-Azaleen auf dem Hira-Gipfel,"Inoue, Yasushi",,
1101,Die Irren. Die Häftlinge.,"Bernhard, Thomas",25,
1101,Die Irren. Die Häftlinge,"Bernhard, Thomas",25,2
1102,Le Visage De La Paix. Das Antlitz des Friedens,"Eluard, Paul",25,2
1102,Le Visage De La Paix. Das Antlitz des Friedens,"Picasso, Pablo",25,2
1106,Der Spaziergang,"Walser, Robert",30,
1107,Erinnerungen,"Wolkonskaja, Maria",15,
1109,Anekdotenlexikon. Die schönsten Anekdoten,,15,
1111,Das Geheimnis,"Capote, Truman",,
1113,Crainquebille,"France, Anatole",15,
1118,Fritz Kochers Aufsätze,,10,
1120,Briefe zu Werthers Leiden,"Lenz, Jakob Michael Reinhold",24,
1124,Bambusregen. Haiku und Holzschnitte aus dem <<Kageboshishu>>,,10,
1125,Die Reise zum Mond,CYRANO DE BERGERAC,15,
1137,Ausgewählte Gedichte,"Verlaine, Paul",15,
1139,Das Evangelium des Johannes,,16,
1143,Das Jugendtagebuch 1822 – 1824,"Delacroix, Eugene",12,
1148,Mine-Haha oder Über die körperliche Erziehung der jungen Mädchen,"Wedekind, Frank",20,
1149,Skizze zu einer Schilderung Winckelmanns,"Goethe, Johann Wolfgang",18,
1150,Wie soll ich meine Seele halten. Liebesgedichte,"Rilke, Rainer Maria",15,
1151,Bestiarium oder Das Gefolge des Orpheus,"Apollinaire, Guillaume",20,
1153,Weihnachtsbriefe an die Mutter,"Rilke, Rainer Maria",15,
1155,Das Römische Carneval. Mit den farbigen Figurinen von 1789,,14,
1157,Florens. Eichendorffs Jugend. Mit Skizzen zu Eichendorffs Jugendtagebuch,"Kaschnitz, Marie Luise",12,
1158,FRAUEN MIT BLUMEN. Bilder einer polnischen Bäuerin,"Wlodarzewska, Wladyslawa",10,
1170,Die träumenden Knaben. Der weiße Tiertöter,"Kokoschka, Oskar",20,
1171,Ausgewählte Briefe,"Brahms, Johannes",15,2
1180,Kleine Geschichte des Fußballspiels,"Stemmler, Theo",,
1188,Goethe und der Ginkgo. Ein Baum und ein Gedicht,"Unseld, Siegfried",15,2
1189,Geschichte meines Herzens. Briefe an Ernst Wolfgang Behrisch,"Goethe, Johann Wolfgang",15,
1190,Behalte mich ja lieb!. Christianes und Goethes Ehebriefe,,15,
1191,Märchenspiele,"Walser, Robert",20,
1195,Der eherne Reiter. Eine Petersburger Erzählung,"Puschkin, Alexander",15,
1198,Die neue Melusine,"Goethe, Johann Wolfgang",20,
1208,In und nach Worpswede. Gedichte mit Bildern von Heinrich Vogeler,"Rilke, Rainer Maria",10,
1210,Über Verführung. Erotische Gedichte,,15,
1213,Im Silvaland,"Silva, Julio",15,
1213,Im Silvaland,"Cortázar, Julio",15,
1217,Das Antlitz der Muse. Ein Bild und seine Vor-Bilder,"Picasso, Pablo",10,
1231,Stufen des Lebens. Briefe,"Hesse, Hermann",7,
1245,Achte Pythische Ode,PINDAR,20,
1251,Goethe und Tischbein in Rom,,15,
1252,Lob des irdischen Friedens,"Luther, Martin",12,
1258,PICASSO GEHT SPAZIEREN IB 1258. Eine poetische Hommage. Gedichte und Bilder,,,
1265,Goethes späte Liebe. Die Geschichte der Ulrike von Leventzow,"Gersdorff, Dagmar",15,
1275,ZWISCHEN WELT UND WÜSTE. Worte christlicher Araber,,15,
1276,"Tief in angenehmen Abenteuern. Giacomo Casanova über Glück, Liebe und Frauen",,15,
1284,Wo wir uns wohlfühlen. Mitteilungen aus Italien und Poschiavo,,12,
1285,Lichternacht. Weihnachtsgeschichte. Mit einem Essay von Michaela Kopp-Marx,"Roth, Patrick",7,
1299,<<Kunst ist doch das Allerschönste>>. Briefe einer jungen Künstlerin,,10,
1312,"Erleuchte, Dame, unsere Finsternis. Songs, Sonette, Elegien. Zweisprachige Ausgabe","Donne, John",20,
1318,Gaudi in Manhattan. Eine phantastische Erzählung,,20,
1323,Reise zur blauen Stadt,"Tellkamp, Uwe",15,
1334,Das Atelier im Grünen. Henri Matisse – Die Jahre in Issy,"Kropmanns, Peter",,
1376,Gartenlust im Sommer,"Roth, Johannes",,
1386,Venezianische Vignetten,,10,
1389,ES KOMMT EIN SCHIFF. Gedichte und Bilder zu Weihnachten,,8,
1414,Aphorismen,"Ebner-Eschenbach, Marie",,
1421,Tischreden,"Luther, Martin",12,
1489,Goethes Elefanten,"Matauschek, Oliver",10,
2505,WILHELM SCHMID IB 2505,,,
2510,Schlimmstenfalls wird alles gut. Gedichte der Gelassenheit,,,
x,Vom Glück der Freundschaft,,,
x,Meier Helmbrecht,,10,2
x,Das Kopfkissenbuch der Dame Sei Shonagon,SEI SHONAGON,20,
x,Aphorismen,"Ebner-Eschenbach, Marie",10,2
x,Der Passionsaltar IB. Des Meisters Loedewich. In der St. Nikolaikirche zu Kalkar. 36 Bildtafeln,,13,
x,Des Herrn Dr. Jonathan Swifts. Wo nicht unverbesserliche…,"Swift, Jonathan",15,
x,Das Buch vom Tee,"Okakura, Kakuzo",10,2
x,Gedichte und Sprüche,"Rückert, Friedrich",15,
x,Altes Zinn,"Haedeke, Hanns-Ulrich",10,
x,Das Leben Dantes,"Boccaccio, Giovanni",15,
x,Schwanenmärchen,,15,
x,Eine Gutsgeschichte,"Lagerlöf, Selma",12,
x,Briefe Hölderlins,,8,
x,CHINESISCHE MEISTERNOVELLEN IB,,10,
x,ÖSTERREICHISCHE BIBLIOTHEK IM INSEL VERLAG,,20,
x,Slawobulgarische Geschichte,PAISSI VON CHILANDAR,10,
x,Johann Sebastian Bach. Ein verpflichtendes Erbe,"Hindemith, Paul",10,
x,Deutsche Wappenkunst,"Hussmann, Heinrich",50,
x,Je länger ein Blinder lebt. Desto mehr sieht er. Jiddische Sprichwörter,,12,
x,Hieronyma,"Kommerell, Max",15,
x,Fräulein Cornelia,"Cervantes Saavedra, Miguel",15,
x,Bilderbuch ohne Bilder,"Andersen, Hans Christian",10,
x,Über das Marionettentheater. Aufsätze und Anekdoten,"Kleist, Heinrich",10,3
x,Anekdoten von Friedrich dem Grossen,,20,
x,Triest. Theater am Meer,"Krauss, Angela",15,
x,Der seltsame Fall von Dr. Jekyll und Mr. Hyde,"Stevenson, Robert Louis",9,
x,Herzog Ernst von Bayern und von Österreich,,15,
x,Das Mysterium Jesu,"Hille, Peter",20,
